id;fixture_id;text;emotion;team_id;audio_url;event_type;created_at
579559c4-e367-440b-b4da-db67a93fe120;;E aí galera, beleza? Bolinha aqui pronto pra mais uma resenha! Bora que hoje promete ser bom.;neutro;;;manual;2026-02-28 16:22:50.524654+00
06d432a4-45f2-409b-8431-b3062e91ecb4;;Teste de mensagem do Bolinha!;gol;;;manual;2026-02-28 16:26:41.880881+00
710a0199-b63a-424b-b9c5-c6ab76da34c2;;GOOOOOOOL! Saiu o primeiro da noite, galera! Que bomba no ângulo, o goleiro nem viu a cor da bola!;gol;;generated;manual;2026-02-28 16:36:53.662948+00
464f8987-d077-42cb-961d-883ee97f7064;;GOL DO SAO PAULO. LUCAS;neutro;;;manual;2026-02-28 16:37:33.458022+00
b1e9f4aa-1e26-4bce-b1c6-da296f08ef16;;GOOOOOOL! Que pancada, hein! A bola entrou que nem trem desgovernado, o goleiro nem viu a cor da redonda!;gol;;generated;manual;2026-02-28 16:37:42.639633+00
7d8b12a4-7f43-4713-ae7b-ea0eed373fe3;;Ah não, vai tomar! Esse juiz tá de sacanagem total, isso é um absurdo! Tô aqui vendo o replay e não tem condição, galera.;bravo;;generated;manual;2026-02-28 16:38:16.246457+00
2327aa8a-e85d-4ff5-bf15-908336cfbe04;;E aí galera, acabou! Partida que não vai ficar na memória, viu? Zero a zero morno, os dois times mais preocupados em não perder do que em ganhar. Pelo menos não perdemos tempo assistindo pênaltis.;tedio;;generated;manual;2026-02-28 16:38:39.532249+00
60f753b0-3fd8-49a0-bf77-b5392551bcc2;;GOOOOOOOL! Que pintura, meu amigo! A galera tá em êxtase e eu também, que pancada linda! É isso aí, futebol brasileiro não decepciona!;gol;;generated;manual;2026-02-28 16:38:59.440396+00
80e8910a-091c-48d9-b312-cc99e13b5138;;Opa, pintou o amarelinho! Esse juiz tá distribuindo cartão igual panfleto na porta do metrô. Daqui a pouco até eu levo um por estar comentando demais.;sarcastico;;generated;manual;2026-02-28 16:41:03.428396+00
bc991110-2135-4eb1-82b8-284fe7990e35;1208829;Real Madrid 2x0 Real Sociedad, jogo controlado do começo ao fim! 16 finalizações contra 9, 62% de posse e o goleiro da Sociedad fazendo 6 defesas. Mbappé e companhia fizeram o dever de casa no Bernabéu.;analise;541;;comentário geral;2026-02-28 17:00:36.347732+00
18eb8aa1-1579-40b5-b17f-865477eab50f;1208829;GOOOOOL DO REAL MADRID! Mbappé finalizou no cantinho e o goleiro nem viu a cor da bola! Com 8 finalizações no gol contra só 1 da Sociedad, era questão de tempo mesmo!;gol;541;generated;manual;2026-02-28 17:06:45.011948+00
0b2261b0-00b3-4a94-9b1d-696e31048ca6;1208829;Ancelotti mexendo no time aos poucos, jogo já controlado mesmo. Com essa chuva de desfalques que o Real tem, qualquer mudança é bem-vinda pra rodar o elenco.;analise;541;generated;manual;2026-02-28 17:09:16.158129+00
0d7b45f0-0f2b-4c11-b883-9a410552438e;1526432;Opa galera, chegou a hora do clássico! Palmeiras favorito nas casas de apostas mas olha só: nos últimos 5 jogos, o Verdão ganhou 3 e empatou 1. São Paulo tá devendo uma vitória desde 2025! Arena Barueri vai pegar fogo hoje.;analise;121;generated;manual;2026-02-28 17:11:52.756732+00
99fe68f5-bdf0-4c51-bc15-3e699e3a501b;1526432;Palmeiras favorito e com razão! Defesa do Verdão tá 67% contra 33% do Tricolor, e nos últimos 5 clássicos foram 3 vitórias alviverdes. Meu palpite: Palmeiras ganha ou empata, mas vai ser pegado!;analise;121;generated;manual;2026-02-28 17:13:37.74207+00
087b86ab-75bb-4464-952e-05be920db6e9;1526432;Gente, que jogo sem sal! Dois times que se conhecem de cor e salteado, já se enfrentaram 5 vezes nos últimos meses e tá essa mornidão. Alguém avisa pros caras que é semifinal do Paulista!;tedio;121;generated;manual;2026-02-28 17:14:08.113842+00
563821f7-e834-4d86-bd4a-142644bd86dc;1526432;Primeiro tempo no Barueri e... cadê o jogo, gente? Palmeiras com aquela defesa de ferro que eu já esperava, mas o São Paulo tá meio perdidão. Pelo histórico deles, era pra ter pelo menos um gol já.;tedio;121;generated;manual;2026-02-28 17:14:39.713253+00
111253bd-fcf9-49bf-9521-1d86e1045ff9;1526432;GOOOL DO TRICOLOR! Quebrou a escrita, galera! O Palmeiras vinha de 3 vitórias seguidas no confronto direto, mas o São Paulo não tá nem aí pra estatística.;gol;121;generated;manual;2026-02-28 17:14:49.861171+00
c5f7774c-a1a6-4089-9b4a-a2d1b96f4581;1526432;GOOOOOL DO VERDÃO! Mais uma no clássico! O Palmeiras tá dominando esse confronto mesmo, galera — das últimas 5, já ganhou 3! São Paulo precisa acordar urgente!;gol;121;generated;manual;2026-02-28 17:15:08.933958+00
db7ae50c-ebbf-4032-8365-a7483595575a;1526431;Olha só esse retrospecto: nos últimos 5 jogos entre eles, o Timão ganhou 4! Novorizontino só venceu uma vez em 2024 por 3x1, mas de lá pra cá... só pancada. Defesa do Corinthians 75% contra 25%, é goleada esperando pra acontecer.;analise;7834;generated;manual;2026-02-28 21:08:39.929501+00
144eea10-c06f-4fb7-b115-5bae0f2732fd;1526431;GOOOOOL DO TIMÃO! Pintou o gol e o Corinthians confirmou o favoritismo! Quinto jogo seguido que o Coringão bate o Novorizontino, essa sequência não é brincadeira não!;gol;7834;generated;manual;2026-02-28 21:09:38.77271+00
8d6d2747-30bf-4dc4-9074-4dedd1b73357;1526431;Gente, esse jogo tá mais parado que defesa do Novorizontino! 0 x 0 e os caras parecem que esqueceram que é semifinal. Corinthians com 75% de força defensiva mas tá jogando só no passe pro lado.;tedio;7834;generated;manual;2026-02-28 21:10:43.498934+00
159dfdcd-6414-4ee5-86f1-6973d8169dd2;;O que é isso Juiz?;bravo;;;manual;2026-03-01 13:58:22.521404+00
5e57e9d9-f353-4bd0-a91e-307a1d3c02bf;1526431;Opa, peraí! Cartão do São Paulo? Bolinha, o jogo é Novorizontino x Corinthians! Você tá confundindo os times ou o são-paulino aí bebeu demais na resenha?;sarcastico;7834;generated;manual;2026-03-01 13:58:41.748506+00
be1a42c9-d618-4b3e-a98b-b706e824ec95;1526431;Eita, amarelo pro Corinthians! Com essa defesa de 75% que eles têm, não pode ficar facilitando assim. Catimba básica, né galera?;sarcastico;7834;generated;manual;2026-03-01 13:59:05.207749+00
9bee9831-eb1c-463b-9910-3c9553586687;1526432;E aí galera do Union Football Live! O Bolinha chegou pra resenha do CHOQUE-REI! Palmeiras e São Paulo na Arena Barueri, semifinal do Paulista. Pelos números, o Verdão tá mais cascudo, mas clássico é clássico né, pode dar qualquer coisa!;neutro;121;generated;manual;2026-03-01 14:00:15.880797+00
88796083-8aa8-41a0-8645-c0fc46d4cdaa;1379241;E aí galera da Union Football Live! Bolinha aqui prontíssimo pra resenha do Brighton x Nottingham Forest na Premier! Já começou e que pauleira: 3 gols em 16 minutos, Brighton na frente 2x1!;gol;51;generated;manual;2026-03-01 14:17:28.720772+00
bae76d5a-3414-4aea-852a-da3e692e52a7;1379241;GOOOL DO NOTTINGHAM FOREST! Gibbs-White empatou e agora Brighton saiu na frente de novo com Welbeck! Jogo maluco, 3 gols em 15 minutos e as duas equipes com 100% de aproveitamento nos chutes no gol!;gol;51;generated;manual;2026-03-01 14:17:51.642596+00
6daf10dd-7146-4772-8b22-34381189760b;1379241;Peraí, galera! Tô vendo aqui que ainda não saiu nenhum cartão no jogo... Brighton e Forest com 0 amarelos cada um. Só 3 faltas no total até agora aos 16 minutos, jogo tá limpo!;neutro;51;generated;manual;2026-03-01 14:22:59.706572+00
f61d92af-a87c-49c1-ad9e-cda30ba97006;1379241;Que primeiro tempo maluco! 3 gols em 15 minutos, Brighton na frente 2x1 mas o Forest tem mais posse (53%). Welbeck e Gomez fizeram os deles, Gibbs-White empatou no meio. Tá pegando fogo!;gol;51;generated;manual;2026-03-01 14:35:06.740647+00
70d3ce5a-336b-486f-a372-d3a599e93940;1379241;E aí galera do Union Football Live! Bolinha aqui prontinho pra resenha desse Brighton x Nottingham Forest! Olha só: já são 3 gols em 16 minutos, tá uma loucura no Amex Stadium!;gol;51;generated;manual;2026-03-01 14:36:24.590519+00
c7260e22-2a61-43c9-8232-06a24c6ffc25;1379241;GOOOL DO FOREST! Gibbs-White empatou com assistência do Igor Jesus! Brighton tá na frente 2x1 mas o Forest domina a posse com 53% e tá incomodando!;gol;51;generated;manual;2026-03-01 14:36:50.65651+00
4624dfec-fe1d-4193-a816-e68d78af610b;1388522;E aí galera do Union Football Live! Bolinha aqui prontíssimo pra essa resenha da Bundesliga! Stuttgart em casa contra o Wolfsburg que tá mais furado que peneira - 10 desfalques! Vai ser massacre alemão hoje!;analise;172;generated;manual;2026-03-01 14:40:13.249584+00
37de9af1-dab7-4b6f-98f4-f9af24cd457f;1388522;E aí galera, começou o jogo na MHPArena! Stuttgart em casa é favorito e não é à toa — nos últimos 5 confrontos, ganhou 3 do Wolfsburg. Mas olha só, o Wolfsburg tá com meio time no departamento médico, 10 desfalques!;analise;172;generated;manual;2026-03-01 14:41:21.823723+00
75e8c5f6-2486-484b-82c7-d306df3cc0c3;1388522;E aí galera, partindo pro Stuttgart x Wolfsburg! Olha só a diferença: Wolfsburg com 10 desfalques e o Stuttgart praticamente inteiro. Com essa vantagem, se não ganhar hoje é garfada!;analise;172;generated;manual;2026-03-01 14:41:55.376748+00
ab578822-75e9-49bf-9cfc-80daf4917b8a;1388522;E aí galera, bora pro Stuttgart x Wolfsburg na Bundesliga! Olha só: Wolfsburg chega com 10 desfalques, parece mais um hospital que um time! Stuttgart é favorito e não é à toa, nos últimos 5 jogos diretos levou a melhor em 3.;analise;172;generated;manual;2026-03-01 14:48:24.568537+00
4008ca61-576e-450f-bae1-13ce2ea0e100;1388522;Opa, peraí! O jogo Stuttgart x Wolfsburg ainda nem começou, galera! Não tem dados ao vivo pra comentar porque a bola ainda tá parada no vestiário!;sarcastico;172;generated;manual;2026-03-01 14:48:42.512149+00
93fc4a05-a7b9-4ab1-9f25-29e053a11ea7;1379243;E aí galera do Union Football Live! Bolinha aqui prontíssimo pra resenha! Olha só que loucura: Tottenham chegou com 9 desfalques e o Fulham já castigou, 2x0 no intervalo! Wilson fez o primeiro e ainda deu assistência pro Iwobi ampliar.;analise;36;generated;manual;2026-03-01 14:55:45.344283+00
859110f4-6cdc-4bbb-812f-d5da3984c1a7;1379243;Intervalo! Fulham DOMINANDO o Tottenham em casa: 57% de posse, 2 chutes no gol contra ZERO dos Spurs! Wilson abriu o placar e ainda deu assistência pro Iwobi ampliar. Tottenham finalizou 9 vezes mas não acertou o alvo nem uma!;analise;36;generated;manual;2026-03-01 15:01:48.676911+00
bdd3d883-f9d7-42e2-880d-79e58e8868e4;1379243;E aí galera do Union Football Live! Bolinha aqui pronto pra resenha do Fulham x Tottenham! Olha só os dados: Fulham favorito com 75% de forma contra 25% dos Spurs, e o Tottenham tá um hospital ambulante - 9 desfalques!;analise;36;generated;manual;2026-03-01 15:22:10.39898+00
0ead564e-d617-4d8a-b8bf-c05cbabc448a;1379243;E aí galera da resenha! Bolinha aqui prontíssimo pro Fulham x Tottenham! Olha só que interessante: nos últimos 5 confrontos, Fulham ganhou 3 e empatou 1 - só perdeu 1! Spurs com 9 desfalques, vai ser tenso!;neutro;36;generated;manual;2026-03-01 15:22:45.586738+00
8528ccd5-feb9-4977-9a6f-ae36441640ed;1379243;Pô mano, que lance polêmico foi esse?! Com 6 cartões amarelos no jogo e o Fulham dominando com 54% de posse, o juiz tinha que ter mais critério! Não dá pra errar feio numa partida quente dessas!;bravo;36;generated;manual;2026-03-01 16:02:58.568035+00
914b6eeb-5cb1-4697-b2a2-bbcc90b3178e;1379243;Segundo tempo foi loucura total! Fulham administrava 2x0, aí o Tottenham acordou aos 66' com Richarlison e quase empatou. Mas o Fulham segurou bem - só 1 chute no gol do Spurs em 90 minutos, mereceu demais!;analise;36;generated;manual;2026-03-01 17:11:16.464283+00
48ef8d46-340f-4c93-8fc9-ecb33bfe495d;1379243;GOOOL DO RICHARLISON! Tottenham descontou aos 66' e agora é 2x1 pro Fulham! Mas olha só: Spurs com apenas 1 chute no gol em todo o jogo e conseguiu fazer!;gol;36;generated;manual;2026-03-01 17:11:52.690292+00
ed715370-db23-4e6e-b732-0416596ebc5b;1379243;Acabou no Craven Cottage! Fulham 2x1 no Tottenham e mereceu demais: 18 finalizações contra 13, 4 chutes no gol contra apenas 1 dos Spurs. Wilson e Iwobi fizeram a festa, Richarlison só diminuiu o prejuízo!;analise;36;generated;manual;2026-03-01 17:12:14.887976+00
70bed3f9-3026-42ce-8952-378b6d0c7742;1379243;GOOOL do Richarlison! Tottenham desconta e volta pro jogo! Mas olha só, Fulham ainda dominando com 54% de posse e 4 chutes no gol contra só 1 dos Spurs.;gol;36;generated;manual;2026-03-01 17:13:04.210129+00
ccc11d33-08e2-4f2f-9efe-9a8b465cccbb;1379243;GOLAÇO DO FULHAM! Harry Wilson abriu o placar aos 7 minutos e depois deu assistência pro Iwobi fazer o segundo! O Tottenham descontou com Richarlison, mas não foi suficiente - 2x1 final no Craven Cottage!;gol;36;generated;manual;2026-03-01 19:37:58.336133+00
805bee34-2fc1-43b5-907c-597e2241301e;1526432;E aí galera do Union Football Live! Bolinha aqui pronto pra essa resenha do CHOQUE-REI! Olha só: nos últimos 5 clássicos, Palmeiras ganhou 3 e São Paulo só 1... mas hoje é semifinal do Paulista, pintou pressão!;analise;121;generated;manual;2026-03-01 22:36:59.165661+00
485e457c-23ae-4c9d-9369-1965a169aff3;1526432;Opa, peraí! O jogo ainda nem começou e já tá saindo cartão? Ou você tá me passando a perna, ou o juiz tá muito ansioso hoje! Cadê os dados ao vivo?;sarcastico;121;generated;manual;2026-03-01 22:37:27.14865+00
35a962b9-260e-49ac-bd21-a3e7cd9885b8;1526432;Olha galera, pelos números aqui o Palmeiras é favorito e com razão! Defesa verdona com 67% contra só 33% do São Paulo, e nos últimos 5 clássicos já meteu 3 vitórias. Tricolor tá na retranca!;analise;121;generated;manual;2026-03-01 22:37:56.251887+00
82575a19-9d9b-4497-90e3-e6724469499f;1526432;Opa, parece que não recebi os dados ao vivo do jogo ainda! Preciso do placar atual, estatísticas e eventos pra comentar esse gol do Tricolor. Manda os dados atualizados da partida aí!;neutro;121;generated;manual;2026-03-01 22:56:02.161861+00
d7114c45-20ac-40c1-a36c-1199b80dccb0;1526432;E aí, galera da Union Football Live! Bolinha aqui pronto pra maior resenha! Clássico Palmeiras x São Paulo na semi do Paulista, e olha só: nos últimos 5 confrontos, Verdão ganhou 3 e empatou 1. Defesa tricolor tá com só 33% na comparação, vai ser tenso!;analise;121;generated;manual;2026-03-01 23:00:30.636369+00
1cb6d0be-8d2c-4e14-8f6d-e25d75cc6aed;1526432;E aí galera do Union Football Live! Bolinha aqui prontíssimo pra mais uma resenha! Cheirinho de clássico no ar: Palmeiras x São Paulo pela semi do Paulista. Dados não mentem - Verdão favorito e nos últimos 5 confrontos ganhou 3!;analise;121;generated;manual;2026-03-01 23:02:26.706783+00
f9b45590-2ef0-41f5-9a89-440dd3002eff;1526432;E aí galera do Union Football Live! Bolinha aqui pronto pra resenha do CHOQUE-REI! Palmeiras favorito, mas olha só: defesa tricolor com 33% contra 67% do verdão... Vai ser catimba!;analise;121;generated;manual;2026-03-01 23:05:11.581061+00
dce29243-324e-4c28-a915-1f7a5c23212a;1526432;E aí galera do Union Football Live! O Bolinha chegou pra resenha do CHOQUE-REI na semifinal do Paulista! Olha só: nos últimos 5 confrontos, Palmeiras ganhou 3 e empatou 1 — tá com moral mesmo. Mas atenção: defesa tricolor tá só com 33% na comparação, vai ser tenso!;analise;121;generated;manual;2026-03-01 23:05:43.818991+00
1cc88a57-c258-400d-86d0-7167f6f7cef3;1526432;E aí galera do Union Football Live! Bolinha aqui prontinho pra essa semifinal do Paulista! Olha os dados: Palmeiras favorito com defesa de 67%, mas o São Paulo vem com 55% de forma. Nos últimos 5 clássicos, Verdão ganhou 3 - vai dar resenha boa!;analise;121;generated;manual;2026-03-01 23:06:34.619809+00
f767b243-99e8-4723-a57d-042fa3bddf39;1526432;E aí galera! Semifinal do Paulista na Arena Barueri e os números não mentem: Palmeiras ganhou 3 dos últimos 5 clássicos! Com uma defesa 67% mais forte que a do São Paulo na análise, vai ser difícil pro Tricolor furar essa retranca verde.;analise;121;generated;manual;2026-03-01 23:07:08.022689+00
5c3c31ab-1ce5-43d7-8ee3-c8c5cb2f0bc6;1526432;Peraí galera, vocês estão vendo dados ao vivo aí? Porque aqui só chegou info de pré-jogo ainda! Se pintou gol mesmo, manda os dados do que tá rolando que eu comento direito!;neutro;121;generated;manual;2026-03-01 23:08:04.986374+00
1e1b6f1d-f62a-4885-aa8f-5be505b6786d;1526432;E aí, galera da Union Football Live! BOLINHA na área pro clássico! Palmeiras favorito, mas com essa defesa tricolor de 33%... vai dar trabalho pro Abel, hein?;neutro;121;;manual;2026-03-01 23:11:09.540457+00
78827142-6f9c-45fc-9b7d-6801dc702bd0;1526432;E aí galera do Union Football Live! Bolinha na área pra mais um CLÁSSICO! Palmeiras x São Paulo na semi do Paulista, e olha só: nos últimos 5 confrontos, Verdão ganhou 3 e empatou 1! Defesa do Palmeiras com 67% contra 33% do Tricolor... vai ser catimba!;analise;121;generated;manual;2026-03-01 23:12:21.717695+00
b2df997f-c18c-4696-80bd-25a029ae39e7;1526432;E aí galera! Palmeiras favorito com essa defesa de 67% contra 33% do São Paulo, mas olha só: nos últimos 5 clássicos, Verdão ganhou 3! O tricolor só conseguiu uma vitória em outubro. Com Vitor Roque e López no ataque palmeirense, vai ser difícil pro Arboleda segurar!;analise;121;generated;manual;2026-03-01 23:13:06.944041+00
b6526891-dace-4921-bfc0-65d412d4b28b;1526432;E aí, rapaziada! Bolinha aqui pra essa semifinal que promete! Palmeiras favorito com aquela defesa de 67% contra 33% do São Paulo, mas olha só: nos últimos 5 confrontos diretos, Verdão ganhou 3 e empatou 1. Tricolor tá com sede de revanche!;analise;121;generated;manual;2026-03-01 23:14:50.070318+00
294eecc2-17d5-499d-b788-b24b82e9754e;1526432;E aí galera do Union Football Live! Bolinha aqui pronto pra maior resenha do Paulistão! Choque-Rei na semi, Palmeiras favorito mas olha só: nos últimos 5 duelos, Verdão ganhou 4! São Paulo precisa quebrar essa maldição hoje!;analise;121;generated;manual;2026-03-01 23:15:16.509769+00
9a45b898-1ad5-49ee-a74f-d2e649c96410;;gol;gol;;;manual;2026-03-01 23:16:14.690487+00
7c63784d-5c6d-4227-9e67-7f04fe7afc33;1526432;Eita, que clássico pintou! Palmeiras favorito e olha só: nos últimos 5 confrontos, Verdão ganhou 4 e só deu um empate. São Paulo tá sofrendo nesse H2H! Com essa defesa tricolor de 33% na comparação, vai ser difícil segurar Vitor Roque e José López.;analise;121;generated;manual;2026-03-01 23:16:33.883835+00
a4e51b80-8c4a-40b1-a791-a2c491b2d8fb;1526432;E aí galera do Union Football Live! É dia de CHOQUE-REI na semifinal do Paulista! Olha o dado interessante: nos últimos 5 clássicos, Palmeiras ganhou 3 e São Paulo só 1. Verdão favorito hoje, mas clássico é clássico né!;analise;121;generated;manual;2026-03-01 23:17:07.839488+00
dfb0d017-db73-4d1b-ba84-7279036829c7;1526432;E aí galera do Union Football Live! É dia de CHOQUE-REI na semi do Paulistão! Bolinha aqui pronto pra resenha com vocês! Olha só: nos últimos 5 clássicos, Verdão ganhou 3 e empatou 1 - tá com moral mesmo. Mas futebol é futebol, né galera?;neutro;121;generated;manual;2026-03-01 23:17:48.919667+00
6c382f42-dfc5-4cb7-82ad-4fe25f8e6492;1526432;E aí galera da live! Bolinha aqui prontinho pra mais uma resenha! Palmeiras x São Paulo pela semi do Paulista, e olha só... nos últimos 5 clássicos, Verdão meteu 3 vitórias e 1 empate! Tricolor só ganhou 1, tá osso!;analise;121;generated;manual;2026-03-01 23:18:25.758782+00
2a4a9b0f-88e4-4e9b-b5ee-ebe13c99f307;1526432;Cara, você falou que é gol do Palmeiras, mas pelos dados aqui o jogo nem começou ainda! A bola nem rolou e você já tá comemorando? Relaxa aí que ainda vem muita resenha pela frente!;sarcastico;121;generated;manual;2026-03-01 23:39:32.311501+00
e5f36787-5025-48f2-ba9a-bb00d9cdc30a;1526432;GOOOOOOL DO VERDÃO! Abre o placar aos 8 minutos! E olha que curioso: Palmeiras com 64% de posse, mas São Paulo que tinha a única finalização até agora. Futebol é isso aí, eficiência!;gol;121;generated;manual;2026-03-01 23:40:05.363522+00
c2c5b1ac-411e-45c6-8832-856189bd4508;1526432;Opa galera! Palmeiras fazendo o que sabe: posse de bola e eficiência! 64% de posse, só uma finalização contra e já meteu o gol. São Paulo até agora só tocou na bola mesmo, zero chutes no gol em 8 minutos.;analise;121;generated;manual;2026-03-01 23:46:41.972872+00
0fdd02ef-7845-4b71-8e3a-2dd453b2ebcd;1526432;Cara, o Palmeiras fez 1x0 mas tá dominando só na posse (64%), porque pra finalizar tá complicado! Zero chutes no gol até agora, o São Paulo até que teve mais tentativa. Gol meio cagado?;analise;121;generated;manual;2026-03-01 23:47:06.995736+00
75e6fd21-1d09-4920-8074-6e8341708387;1526432;Cara, olhando os últimos confrontos, São Paulo não ganha do Palmeiras desde 2025! São 5 jogos seguidos perdendo, incluindo esse 1x0 de hoje aos 28 minutos. Mais de 300 dias de jejum contra o rival!;analise;121;generated;manual;2026-03-02 00:02:28.876008+00
39a245e3-d04a-441b-b8d8-28f3f22dfd14;1526432;Cara, pelo jeito que a defesa do São Paulo tá hoje, o Arboleda deve ser palmeirense mesmo! 63% de posse pro Verdão e só 1 chute no gol em 28 minutos, tá parecendo treino!;sarcastico;121;generated;manual;2026-03-02 00:04:22.490351+00
f91a4b82-edb7-441b-9b4f-4748f81b5adc;1526432;Cara, Palmeiras tá fazendo o que quer! 64% de posse, único chute no gol e já converteu. São Paulo com ZERO finalizações certeiras em 34 minutos, tá parecendo treino do Verdão!;analise;121;generated;manual;2026-03-02 00:06:03.161647+00
68c438ea-4f30-46df-bdb2-f2600e1857c2;1526432;Ô meu, o Verdão tá DOMINANDO! 64% de posse, mais chutes e única finalização no gol foi o gol do Maurício aos 8'. São Paulo tá apanhando, só bateu 2 vezes e nenhuma no alvo!;analise;121;generated;manual;2026-03-02 00:17:46.645007+00
0a1bf508-3cef-49f1-a027-0d1dfaee2a78;1526432;Cara, São Paulo tá com só 36% de posse e ZERO chutes no gol! Precisa parar de ficar só na defesa, botar o Luciano e Lucas Moura pra criar mais e finalizar. Tem que arriscar mais!;analise;121;generated;manual;2026-03-02 00:20:10.081231+00
9e22dc3f-8099-413c-b3f7-3472d4e567a1;1526432;Fim do primeiro tempo e o Verdão tá mandando! Dominou com 64% de posse, teve o único chute no gol e Mauricio abriu o placar aos 8 minutos. São Paulo só teve 2 finalizações e nenhuma no gol, tá apagado demais!;analise;121;generated;manual;2026-03-02 00:33:35.932338+00
98e029e1-2666-45b3-bd49-09b5f371bf99;1526432;Ô mano, o Danielzinho nem tá na escalação oficial do São Paulo! Crespo foi com Luciano e Lucas Moura no ataque, deixou o garoto de fora dessa semifinal.;neutro;121;generated;manual;2026-03-02 00:39:28.589522+00
c61c0c24-a064-4d97-8815-a0807d064f3c;1526432;Eita! Primeiro amarelo do clássico saiu! Com 8 faltas já no jogo (5 do São Paulo, 3 do Palmeiras), a coisa tá esquentando mesmo. Clássico sem cartão não é clássico!;bravo;121;generated;manual;2026-03-02 00:43:23.302417+00
940e9bf8-a596-46d2-9014-1703482ead80;1526432;Porra, juiz! Palmeiras com 64% de posse e dominando o jogo, mas teve lance polêmico que ninguém viu? São Paulo só teve ZERO chutes no gol no primeiro tempo e ainda se ferrou na arbitragem!;bravo;121;generated;manual;2026-03-02 00:45:04.216072+00
13b3f8f0-9dfd-4631-a66a-3f889c74e31f;1526432;Primeiro amarelo do jogo! Piquerez pegou aos 51' e agora o Palmeiras tem que tomar cuidado. Com 5 faltas do São Paulo contra 3, o jogo tá esquentando!;bravo;121;generated;manual;2026-03-02 00:48:20.953461+00
8818edb6-c864-4cf3-82a8-42d4b8c365d9;1526432;Segundo amarelo do jogo! Palmeiras já tem um com Piquerez aos 51', agora São Paulo também levou. Com 8 faltas no total, o jogo tá esquentando no segundo tempo!;bravo;121;generated;manual;2026-03-02 00:48:56.009425+00
3a3eb248-330c-4e64-82d0-35459db8c5a2;1526432;GOOOOOOL DO VERDÃO! Segundo gol no jogo, 2x0 no clássico! Palmeiras tá dominando mesmo, já tinha aberto o placar com Mauricio e agora amplia aos 58 minutos!;gol;121;generated;manual;2026-03-02 00:49:52.793225+00
c62b8eb8-a7ed-4915-90bd-254f74994170;1526432;FINALMENTE! São Paulo desconta com 69 minutos! Palmeiras tava dominando com 64% de posse, mas o tricolor não desistiu. Ainda dá tempo de empatar esse clássico!;gol;121;generated;manual;2026-03-02 01:02:01.106014+00
46b4bb32-b6f0-47c5-926d-0c7c53cf0d44;1526432;Mais um amarelo pro São Paulo! Já são 3 cartões no jogo e o Tricolor fez 5 faltas contra 3 do Verdão. Tá pegando fogo nos 79 minutos!;bravo;121;generated;manual;2026-03-02 01:13:47.9267+00
d1dafece-fd52-42c6-a4a5-f5ef2c6525ed;1526432;Olha, Palmeiras tá controlando demais! 64% de posse, mais chutes no gol e liderando 2x1 aos 89'. São Paulo só empatou de pênalti no segundo tempo, mas não conseguiu criar quase nada - zero chutes no gol é brabo!;analise;121;generated;manual;2026-03-02 01:25:08.442313+00
aaa55267-3921-4007-bca5-00850279a1ad;1526432;Acabou e o Verdão passou! Palmeiras 2x1 com autoridade: 64% de posse, dominaram o jogo todo. São Paulo só conseguiu empatar no pênalti aos 69', mas foi pouco pra quem teve apenas 36% da bola!;analise;121;generated;manual;2026-03-02 01:30:17.664905+00
a4e426b8-1934-4526-8aec-30f62693aa21;1491929;E aí galera do Union Football Live! Bolinha na área pra mais uma resenha da Liga Argentina! Estudiantes recebe o Vélez e pelos últimos confrontos, promete! Nos últimos 5, cada um ganhou 2 e o outro levou 3 — clássico equilibrado!;neutro;450;generated;manual;2026-03-02 11:06:29.708353+00
38ba3009-ac47-4b16-a3d3-f9ea162c4e66;1491929;Opa, parece que houve uma confusão aí! Você disse que teve gol do Velez, mas pelos dados aqui o jogo ainda nem começou. Não tem placar, estatísticas ao vivo, nada! Vamos aguardar a bola rolar primeiro, parceiro!;sarcastico;450;generated;manual;2026-03-02 11:07:28.561073+00
76839495-7d89-428b-b4e1-01138fd71158;1491929;E aí galera do Union Football Live! O Bolinha tá aqui prontinho pra mais uma resenha argentina! Estudiantes x Vélez no Jorge Luis Hirschi, e olha o dado curioso: nos últimos 5 confrontos, cada um ganhou em casa - Estudiantes com 3 vitórias e Vélez com 2!;neutro;450;generated;manual;2026-03-02 12:40:51.75768+00
d5e3bbc5-2e78-4a4c-9d43-88e0f519b3bc;1491929;E aí galera do Union Football Live! Bolinha aqui pronto pra resenha no clássico argentino! Estudiantes x Velez promete, nos últimos 5 jogos deu 3 vitórias pros mandantes e 2 pro Velez. Vamo que vamo!;neutro;450;generated;manual;2026-03-02 17:48:12.9866+00
f4a54f2b-1c49-481f-910b-fe1337139b1e;1491929;Opa, peraí! Os dados mostram que o jogo ainda nem começou, mas você tá falando de gol do Vélez? Ou rolou uma ligação cruzada aí ou alguém tá vendo jogo em dimensão paralela!;sarcastico;450;generated;manual;2026-03-02 17:48:49.832553+00
c46b4858-fa78-43d6-8022-a8ae913d8b99;1378128;Olha só, galera! Os dois times chegam machucados pra essa. Pisa sem o goleiro Scuffet (lesão muscular) e Bologna perdeu Miranda também por problema muscular. Quando começa a temporada pesada, o departamento médico fica lotado mesmo!;analise;801;generated;manual;2026-03-02 18:01:10.303392+00
ae7d195c-8c34-476f-a422-857f26a24dc2;1528824;Olha que loucura esse H2H! Novorizontino meteu 4x0 no Verdão há poucos dias e já tinha ganho 2x1 no ano passado. Nos últimos 5 jogos, tá 2 pra cada lado com 1 empate - Palmeiras favorito no papel mas tomando umas garfadas!;analise;121;generated;manual;2026-03-04 01:38:05.053027+00
ef4eb3cb-411a-4919-b85c-43b0d88aff5e;;Olha que loucura esse confronto! Novorizontino meteu 4x0 no Verdão há poucos dias e já tinha ganho 2x1 no ano passado. Nos últimos 5 jogos, tá 2 pra cada lado com 1 empate - Palmeiras favorito no papel mas tomando umas garfadas!;analise;;;manual;2026-03-04 01:38:51.532292+00
d5e0e75a-5cb5-4583-a586-4f4f6f0d597b;;Olha que loucura esse confronto! Novorizontino meteu 4x0 no Verdão há poucos dias e já tinha ganho 2x1 no ano passado. Nos últimos 5 jogos, tá 2 pra cada lado com 1 empate - Palmeiras favorito no papel mas tomando umas garfadas!;analise;;;manual;2026-03-04 01:39:29.347269+00
30555342-aaea-421b-b18f-de524c69473d;;Teste;gol;;;manual;2026-03-04 01:40:13.483317+00
3eca1718-4ee2-4abf-8fd9-5fbf1d9f1cda;;Quem é o favorito nesse jogo?;neutro;;;manual;2026-03-04 01:40:37.003516+00
50a4218c-003c-41a4-83b6-8064cbae613f;;Testentado;tedio;;;manual;2026-03-04 01:40:56.552849+00
96ae31fd-7884-412a-abb0-67f17b39f1aa;1528824;Olha galera, nos últimos 5 confrontos diretos o negócio tá equilibrado: 2 vitórias pra cada lado e 1 empate. Mas o mais chocante? Em janeiro deste ano o Novorizontino AMASSOU o Palmeiras por 4x0! Quem diria!;analise;121;generated;manual;2026-03-04 01:41:12.436044+00
30b7b420-9356-4c4d-bad8-e0616edb6ee7;;Seja muito bem vindo meus convidados! ;neutro;;;manual;2026-03-04 01:42:01.870254+00
361616c5-b7e3-4691-8cfa-3b0481d207da;;Franklin, o que você está esperando do jogo de hoje?;analise;;;manual;2026-03-04 01:42:35.381309+00
9c42d79f-5535-4383-ad39-96b25f5bea50;1528824;Opa galera! Final do Paulista é sempre brabo, mas olha esse histórico: Novorizontino meteu 4x0 no Verdão em janeiro! Nos últimos 5 jogos, tá 2x2 com 1 empate. Papel aceita tudo, mas o Palmeiras deve ir pra cima!;analise;121;generated;manual;2026-03-04 01:43:20.306667+00
0355dab7-c968-40ec-8e6b-58d5edef2337;;Que golaçoooooooo!;gol;;;manual;2026-03-04 01:44:49.599059+00
04fc47c7-3617-43c9-b21d-7b8ff6a42992;;Que golâçooooooooooooooooooooooooooo!;gol;;;manual;2026-03-04 01:45:04.555271+00
679332e9-0d2c-4e8d-8977-634c194d40e6;;Pelo amor dos meus filinhos!!!!!;bravo;;;manual;2026-03-04 01:45:53.042842+00
493622ec-7ef4-4de6-88e5-23276a4b37b2;;"""Foi, foi, foi, foi, foi ele!"" ";gol;;;manual;2026-03-04 01:47:01.812388+00
446cd59d-6955-4916-be95-74aa33f47b9a;;"""Foiiiii, foiiiiiii, foiiiiii, foiiiiiii, foiiiiiii eleeeeeeeeeeeeeeee!"" ";gol;;;manual;2026-03-04 01:47:25.143159+00
5706a432-ae7d-4e1a-9086-6b66c148328a;;"Foiii, foiii, foiii, foiii, foiii eleeeeee!"" ";gol;;;manual;2026-03-04 01:47:58.505621+00
4e0fccf0-3da1-4b17-82cc-c04db643b855;;Balançou o capim no fundo do gol;gol;;;manual;2026-03-04 01:48:21.872926+00
e3b3dba6-f5fc-4e7e-8273-45109f45b207;;Vai mandar lá no meio do pagode;analise;;;manual;2026-03-04 01:48:37.705713+00
3ef97e4f-7c7d-4a3d-b11d-0be54a84d659;;"Ripa na chulipa, pimba na gorduchinha!""";neutro;;;manual;2026-03-04 01:48:53.433934+00
c98ac730-e417-424b-9178-0653fecdb468;;Agora eu se consagro!;sarcastico;;;manual;2026-03-04 01:49:19.621585+00
df83c87e-2409-448e-a2a5-6ce17cd09671;;Para!!!! Não foi absolutamente nada!!!!!!;bravo;;;manual;2026-03-04 01:50:30.459594+00
9e287a50-1971-4ca6-a07b-a028b7f6b07d;1528824;Olha só que pegadinha essa final! Nos últimos confrontos, Novo tá com 4x0 e 2x1 no Palmeiras - quem diria né? Mas convenhamos, final do Paulista é outro bicho, e o Verdão tem essa defesa de 67% que não brinca em serviço.;analise;121;generated;manual;2026-03-04 01:50:51.591453+00
d1fbb09b-614a-4a8d-b83f-48ea9ce5f75d;1528824;Eita galera, que final maluca! Novorizontino meteu 4x0 no Verdão ano passado, e nos últimos 5 jogos tem 2x2 no H2H. Palmeiras favorito no papel com defesa 67% contra 33%, mas o Tigre não tá aqui pra passear!;analise;121;generated;manual;2026-03-04 20:20:16.555194+00
b3f42c1c-2e22-453e-9fc5-9ddb73c5a12e;1528824;Eita! Final do Paulista e olha só esse H2H: Novo ganhou 4x0 do Verdão há poucos dias! Nos últimos 5, cada um ganhou 2. Palmeiras favorito nas casas de aposta, mas esse Novorizontino não tá pra brincadeira não!;analise;121;generated;manual;2026-03-04 20:21:04.306652+00
483ec581-655d-472d-af51-2466c08687c5;1528824;Opa, galera! O jogo ainda nem começou e vocês já tão pedindo comentário de cartão? Calma aí que a bola nem rolou ainda! Deixa os caras entrarem em campo primeiro!;sarcastico;121;generated;manual;2026-03-04 20:25:24.903079+00
4aef0068-5690-44ca-99c5-28b9d7c2b7b3;1528824;Olha, galera... os números dizem que é Palmeiras, mas esse Novorizontino tá GARFANDO o Verdão ultimamente! Nos últimos confrontos, pintou até um 4x0 em janeiro! Com essa defesa 67x33 do Palmeiras, vou de empate ou vitória alviverde, mas com o pé atrás!;analise;121;generated;manual;2026-03-04 20:25:59.714796+00
5f2b8bca-cb0e-4ca2-b2b4-8b946564181c;1528824;E aí pessoal! Olha só esse H2H maluco: Novorizontino METEU 4x0 no Verdão em janeiro! Nos últimos 5 confrontos, 2x2 e um empate. Com 67% de vantagem defensiva pro Palmeiras, vai ser interessante ver se segura a pressão!;analise;121;generated;manual;2026-03-04 20:26:47.236827+00
7f2f054a-e4d7-4c1f-b741-40d9e17b7953;;Xiiii! Acho que não vai dar em! ;sarcastico;;;manual;2026-03-04 20:34:07.083799+00
21bcfde6-0d52-4efd-9898-4b2be008897c;;Xiiii, acho que não vai dar!! ;sarcastico;;;manual;2026-03-04 20:34:25.036636+00
0da4fd0e-82af-415f-862a-4c9bc05fda53;1528824;Galera, que final doida! Novorizontino meteu 4x0 no Palmeiras em janeiro, mas o Verdão tem defesa 67% melhor na temporada. Histórico equilibrado, mas esse Tigre do Vale tá com moral depois de humilhar o Alviverde!;analise;121;generated;manual;2026-03-04 20:43:07.810057+00
841f73b7-56f2-4938-8f9c-e84a1cbbacb0;1528824;Eita! Final do Paulista e o Novorizontino já meteu 4x0 no Verdão esse ano! Histórico recente tá 2x2 nos últimos jogos, mas essa goleada de janeiro ainda tá doendo no Abel. Palmeiras favorito no papel, mas cuidado com a catimba do Tigre!;analise;121;generated;manual;2026-03-04 20:43:41.035362+00
b8ada2d1-a23c-4134-820c-81365c4cce55;1528824;Olha só galera, que final maluca! O favorito é o Palmeiras, mas o histórico recente tá bizarro: Novorizontino meteu 4x0 no Verdão em janeiro e ganhou os últimos 2 confrontos! Defesa palmeirense é melhor no papel (67%), mas na prática tá levando goleada do Tigre!;analise;121;generated;manual;2026-03-04 20:45:26.07598+00